source,original_drug_id,original_drug_name,canonical_smiles,mapping_status,notes
gdsc_response,1003,Camptothecin,,unreviewed,
gdsc_response,1004,Vinblastine,,unreviewed,
gdsc_response,1005,Cisplatin,,unreviewed,
gdsc_response,1006,Cytarabine,,unreviewed,
gdsc_response,1007,Docetaxel,,unreviewed,
gdsc_response,1008,Methotrexate,,unreviewed,
gdsc_response,1009,Tretinoin,,unreviewed,
gdsc_response,1010,Gefitinib,,unreviewed,
gdsc_response,1011,Navitoclax,,unreviewed,
gdsc_response,1012,Vorinostat,,unreviewed,
gdsc_response,1013,Nilotinib,,unreviewed,
gdsc_response,1014,Refametinib,,unreviewed,
gdsc_response,1016,Temsirolimus,,unreviewed,
gdsc_response,1017,Olaparib,,unreviewed,
gdsc_response,1018,Veliparib,,unreviewed,
gdsc_response,1019,Bosutinib,,unreviewed,
gdsc_response,1020,Lenalidomide,,unreviewed,
gdsc_response,1021,Axitinib,,unreviewed,
gdsc_response,1022,AZD7762,,unreviewed,
gdsc_response,1023,GW441756,,unreviewed,
gdsc_response,1024,Lestaurtinib,,unreviewed,
gdsc_response,1025,SB216763,,unreviewed,
gdsc_response,1026,Tanespimycin,,unreviewed,
gdsc_response,1029,Motesanib,,unreviewed,
gdsc_response,1030,KU-55933,,unreviewed,
gdsc_response,1031,Elesclomol,,unreviewed,
gdsc_response,1032,Afatinib,,unreviewed,
gdsc_response,1033,Vismodegib,,unreviewed,
gdsc_response,1034,Staurosporine,,unreviewed,
gdsc_response,1036,PLX-4720,,unreviewed,
gdsc_response,1037,BX795,,unreviewed,
gdsc_response,1038,NU7441,,unreviewed,
gdsc_response,1039,SL0101,,unreviewed,
gdsc_response,1042,Doramapimod,,unreviewed,
gdsc_response,1043,JNK Inhibitor VIII,,unreviewed,
gdsc_response,1046,Wee1 Inhibitor,,unreviewed,
gdsc_response,1047,Nutlin-3a (-),,unreviewed,
gdsc_response,1048,Mirin,,unreviewed,
gdsc_response,1049,PD173074,,unreviewed,
gdsc_response,1050,ZM447439,,unreviewed,
gdsc_response,1051,Alisertib,,unreviewed,
gdsc_response,1052,RO-3306,,unreviewed,
gdsc_response,1053,MK-2206,,unreviewed,
gdsc_response,1054,Palbociclib,,unreviewed,
gdsc_response,1057,Dactolisib,,unreviewed,
gdsc_response,1058,Pictilisib,,unreviewed,
gdsc_response,1059,AZD8055,,unreviewed,
gdsc_response,1060,PD0325901,,unreviewed,
gdsc_response,1061,SB590885,,unreviewed,
gdsc_response,1062,Selumetinib,,unreviewed,
gdsc_response,1067,CCT007093,,unreviewed,
gdsc_response,1068,Obatoclax Mesylate,,unreviewed,
gdsc_response,1069,EHT-1864,,unreviewed,
gdsc_response,1072,Avagacestat,,unreviewed,
gdsc_response,1073,5-Fluorouracil,,unreviewed,
gdsc_response,1079,Dasatinib,,unreviewed,
gdsc_response,1080,Paclitaxel,,unreviewed,
gdsc_response,1083,Crizotinib,,unreviewed,
gdsc_response,1084,Rapamycin,,unreviewed,
gdsc_response,1085,Sorafenib,,unreviewed,
gdsc_response,1086,BI-2536,,unreviewed,
gdsc_response,1088,Irinotecan,,unreviewed,
gdsc_response,1089,Oxaliplatin,,unreviewed,
gdsc_response,1091,BMS-536924,,unreviewed,
gdsc_response,1093,GSK1904529A,,unreviewed,
gdsc_response,1096,Tozasertib,,unreviewed,
gdsc_response,1129,PF-4708671,,unreviewed,
gdsc_response,1131,PRIMA-1MET,,unreviewed,
gdsc_response,1133,Serdemetan,,unreviewed,
gdsc_response,1149,TW 37,,unreviewed,
gdsc_response,1168,Erlotinib,,unreviewed,
gdsc_response,1170,CCT-018159,,unreviewed,
gdsc_response,1175,Rucaparib,,unreviewed,
gdsc_response,1177,Niraparib,,unreviewed,
gdsc_response,1179,MK-1775,,unreviewed,
gdsc_response,1180,Dinaciclib,,unreviewed,
gdsc_response,1190,Gemcitabine,,unreviewed,
gdsc_response,1191,Bortezomib,,unreviewed,
gdsc_response,1192,GSK269962A,,unreviewed,
gdsc_response,1194,SB505124,,unreviewed,
gdsc_response,1199,Tamoxifen,,unreviewed,
gdsc_response,1200,Fulvestrant,,unreviewed,
gdsc_response,1237,EPZ004777,,unreviewed,
gdsc_response,1239,YK-4-279,,unreviewed,
gdsc_response,1243,Piperlongumine,,unreviewed,
gdsc_response,1248,Daporinad,,unreviewed,
gdsc_response,1249,BMS-345541,,unreviewed,
gdsc_response,1250,AZ960,,unreviewed,
gdsc_response,1259,Talazoparib,,unreviewed,
gdsc_response,1268,XAV939,,unreviewed,
gdsc_response,1372,Trametinib,,unreviewed,
gdsc_response,1373,Dabrafenib,,unreviewed,
gdsc_response,1375,Temozolomide,,unreviewed,
gdsc_response,1378,Bleomycin (50 uM),,unreviewed,
gdsc_response,1401,AZD5438,,unreviewed,
gdsc_response,1428,IAP_5620,,unreviewed,
gdsc_response,1441,AZD2014,,unreviewed,
gdsc_response,1449,AZD1208,,unreviewed,
gdsc_response,1463,AZD1332,,unreviewed,
gdsc_response,1494,SN-38,,unreviewed,
gdsc_response,1502,Bicalutamide,,unreviewed,
gdsc_response,1507,Ruxolitinib,,unreviewed,
gdsc_response,1510,Linsitinib,,unreviewed,
gdsc_response,1511,Epirubicin,,unreviewed,
gdsc_response,1512,Cyclophosphamide,,unreviewed,
gdsc_response,1529,Pevonedistat,,unreviewed,
gdsc_response,1549,Sapitinib,,unreviewed,
gdsc_response,1553,Uprosertib,,unreviewed,
gdsc_response,1557,LCL161,,unreviewed,
gdsc_response,1558,Lapatinib,,unreviewed,
gdsc_response,1559,Luminespib,,unreviewed,
gdsc_response,1560,Alpelisib,,unreviewed,
gdsc_response,1561,Taselisib,,unreviewed,
gdsc_response,1563,EPZ5676,,unreviewed,
gdsc_response,1564,SCH772984,,unreviewed,
gdsc_response,1576,IWP-2,,unreviewed,
gdsc_response,1578,Leflunomide,,unreviewed,
gdsc_response,1580,GSK2801,,unreviewed,
gdsc_response,1581,Bromosporine,,unreviewed,
gdsc_response,1582,SGC-CBP30,,unreviewed,
gdsc_response,1583,GSK-LSD1,,unreviewed,
gdsc_response,1584,BDOCA000347a,,unreviewed,
gdsc_response,1585,BDF00022089a,,unreviewed,
gdsc_response,1586,BDILV000379a,,unreviewed,
gdsc_response,1593,Entinostat,,unreviewed,
gdsc_response,1594,OSI-027,,unreviewed,
gdsc_response,1598,LGK974,,unreviewed,
gdsc_response,1613,VE-822,,unreviewed,
gdsc_response,1614,WZ4003,,unreviewed,
gdsc_response,1615,CZC24832,,unreviewed,
gdsc_response,1617,AZD5582,,unreviewed,
gdsc_response,1618,GSK2606414,,unreviewed,
gdsc_response,1620,PFI3,,unreviewed,
gdsc_response,1621,PCI-34051,,unreviewed,
gdsc_response,1622,Wnt-C59,,unreviewed,
gdsc_response,1624,I-BET-762,,unreviewed,
gdsc_response,1625,RVX-208,,unreviewed,
gdsc_response,1626,OTX015,,unreviewed,
gdsc_response,1627,GSK343,,unreviewed,
gdsc_response,1629,ML323,,unreviewed,
gdsc_response,1630,Entospletinib,,unreviewed,
gdsc_response,1631,PRT062607,,unreviewed,
gdsc_response,1632,Ribociclib,,unreviewed,
gdsc_response,1634,AGI-6780,,unreviewed,
gdsc_response,1635,Picolinici-acid,,unreviewed,
gdsc_response,1706,AZD5153,,unreviewed,
gdsc_response,1708,CDK9_5576,,unreviewed,
gdsc_response,1709,CDK9_5038,,unreviewed,
gdsc_response,1712,Eg5_9814,,unreviewed,
gdsc_response,1713,ERK_2440,,unreviewed,
gdsc_response,1714,ERK_6604,,unreviewed,
gdsc_response,1716,IRAK4_4710,,unreviewed,
gdsc_response,1718,JAK1_8709,,unreviewed,
gdsc_response,1720,AZD5991,,unreviewed,
gdsc_response,1730,PAK_5339,,unreviewed,
gdsc_response,1732,TAF1_5496,,unreviewed,
gdsc_response,1733,ULK1_4989,,unreviewed,
gdsc_response,1734,VSP34_8731,,unreviewed,
gdsc_response,1736,Selumetinib,,unreviewed,
gdsc_response,1738,IGF1R_3801,,unreviewed,
gdsc_response,1739,JAK_8517,,unreviewed,
gdsc_response,1776,GSK2256098C,,unreviewed,
gdsc_response,1777,GSK2276186C,,unreviewed,
gdsc_response,1778,GSK2110183B,,unreviewed,
gdsc_response,1779,GSK626616AC,,unreviewed,
gdsc_response,1780,GSK3337463A,,unreviewed,
gdsc_response,1782,GSK2830371A,,unreviewed,
gdsc_response,1783,LMB_AB1,,unreviewed,
gdsc_response,1784,LMB_AB2,,unreviewed,
gdsc_response,1785,LMB_AB3,,unreviewed,
gdsc_response,1786,AZD4547,,unreviewed,
gdsc_response,1799,Ibrutinib,,unreviewed,
gdsc_response,1802,Zoledronate,,unreviewed,
gdsc_response,1803,Acetalax,,unreviewed,
gdsc_response,1804,Acetalax,,unreviewed,
gdsc_response,1806,Oxaliplatin,,unreviewed,
gdsc_response,1808,Topotecan,,unreviewed,
gdsc_response,1809,Teniposide,,unreviewed,
gdsc_response,1810,Mitoxantrone,,unreviewed,
gdsc_response,1811,Dactinomycin,,unreviewed,
gdsc_response,1812,Bleomycin,,unreviewed,
gdsc_response,1813,Fludarabine,,unreviewed,
gdsc_response,1814,Nelarabine,,unreviewed,
gdsc_response,1815,Dacarbazine,,unreviewed,
gdsc_response,1816,Fulvestrant,,unreviewed,
gdsc_response,1817,Romidepsin,,unreviewed,
gdsc_response,1819,Docetaxel,,unreviewed,
gdsc_response,1820,123829,,unreviewed,
gdsc_response,1821,765771,,unreviewed,
gdsc_response,1824,123138,,unreviewed,
gdsc_response,1825,Podophyllotoxin bromide,,unreviewed,
gdsc_response,1826,50869,,unreviewed,
gdsc_response,1827,Dihydrorotenone,,unreviewed,
gdsc_response,1828,720427,,unreviewed,
gdsc_response,1829,667880,,unreviewed,
gdsc_response,1830,Gallibiscoquinazole,,unreviewed,
gdsc_response,1831,L-Oxonoreleagnine,,unreviewed,
gdsc_response,1832,729189,,unreviewed,
gdsc_response,1833,741909,,unreviewed,
gdsc_response,1834,743380,,unreviewed,
gdsc_response,1835,Elephantin,,unreviewed,
gdsc_response,1836,150412,,unreviewed,
gdsc_response,1838,Sinularin,,unreviewed,
gdsc_response,1839,615590,,unreviewed,
gdsc_response,1840,630600,,unreviewed,
gdsc_response,1843,LMP744,,unreviewed,
gdsc_response,1844,776928,,unreviewed,
gdsc_response,1845,Schweinfurthin A,,unreviewed,
gdsc_response,1847,BEN,,unreviewed,
gdsc_response,1849,Sabutoclax,,unreviewed,
gdsc_response,1852,LY2109761,,unreviewed,
gdsc_response,1853,OF-1,,unreviewed,
gdsc_response,1854,MN-64,,unreviewed,
gdsc_response,1855,KRAS (G12C) Inhibitor-12,,unreviewed,
gdsc_response,1862,MG-132,,unreviewed,
gdsc_response,1866,BDP-00009066,,unreviewed,
gdsc_response,1873,Buparlisib,,unreviewed,
gdsc_response,1908,Ulixertinib,,unreviewed,
gdsc_response,1909,Venetoclax,,unreviewed,
gdsc_response,1910,ABT737,,unreviewed,
gdsc_response,1911,Dactinomycin,,unreviewed,
gdsc_response,1912,Afuresertib,,unreviewed,
gdsc_response,1913,AGI-5198,,unreviewed,
gdsc_response,1915,AZD3759,,unreviewed,
gdsc_response,1916,AZD5363,,unreviewed,
gdsc_response,1917,AZD6738,,unreviewed,
gdsc_response,1918,AZD8186,,unreviewed,
gdsc_response,1919,Osimertinib,,unreviewed,
gdsc_response,1922,Cediranib,,unreviewed,
gdsc_response,1924,Ipatasertib,,unreviewed,
gdsc_response,1925,GDC0810,,unreviewed,
gdsc_response,1926,GNE-317,,unreviewed,
gdsc_response,1927,GSK2578215A,,unreviewed,
gdsc_response,1928,I-BRD9,,unreviewed,
gdsc_response,1930,Telomerase Inhibitor IX,,unreviewed,
gdsc_response,1931,MIRA-1,,unreviewed,
gdsc_response,1932,NVP-ADW742,,unreviewed,
gdsc_response,1933,P22077,,unreviewed,
gdsc_response,1936,Savolitinib,,unreviewed,
gdsc_response,1939,UMI-77,,unreviewed,
gdsc_response,1940,WIKI4,,unreviewed,
gdsc_response,1941,Sepantronium bromide,,unreviewed,
gdsc_response,1996,MIM1,,unreviewed,
gdsc_response,1997,WEHI-539,,unreviewed,
gdsc_response,1998,BPD-00008900,,unreviewed,
gdsc_response,1999,N25720-51-A1,,unreviewed,
gdsc_response,2000,N27922-53-1,,unreviewed,
gdsc_response,2002,N30652-18-1,,unreviewed,
gdsc_response,2003,N29087-69-1,,unreviewed,
gdsc_response,2010,HKMTI-1-005,,unreviewed,
gdsc_response,2011,ICL-SIRT078,,unreviewed,
gdsc_response,2037,GSK343,,unreviewed,
gdsc_response,2038,UNC0638,,unreviewed,
gdsc_response,2039,AGK2,,unreviewed,
gdsc_response,2040,Foretinib,,unreviewed,
gdsc_response,2043,BIBR-1532,,unreviewed,
gdsc_response,2044,Pyridostatin,,unreviewed,
gdsc_response,2045,AMG-319,,unreviewed,
gdsc_response,2046,MK-8776,,unreviewed,
gdsc_response,2047,Ulixertinib,,unreviewed,
gdsc_response,2048,Vinorelbine,,unreviewed,
gdsc_response,2055,Mycophenolic acid,,unreviewed,
gdsc_response,2057,Remodelin,,unreviewed,
gdsc_response,2096,VX-11e,,unreviewed,
gdsc_response,2106,Uprosertib,,unreviewed,
gdsc_response,2107,LJI308,,unreviewed,
gdsc_response,2109,AZ6102,,unreviewed,
gdsc_response,2110,GSK591,,unreviewed,
gdsc_response,2111,VE821,,unreviewed,
gdsc_response,2112,VTP-A,,unreviewed,
gdsc_response,2113,VTP-B,,unreviewed,
gdsc_response,2145,PBD-288,,unreviewed,
gdsc_response,2148,POMHEX,,unreviewed,
gdsc_response,2149,CT7033-2,,unreviewed,
gdsc_response,2154,GSK-LSD1-2HCl ,,unreviewed,
gdsc_response,2156,5-azacytidine,,unreviewed,
gdsc_response,2157,A-366,,unreviewed,
gdsc_response,2158,CPI-637,,unreviewed,
gdsc_response,2159,UNC0379,,unreviewed,
gdsc_response,2169,AZD6482,,unreviewed,
gdsc_response,2170,AT13148,,unreviewed,
gdsc_response,2171,BMS-754807,,unreviewed,
gdsc_response,2172,JQ1,,unreviewed,
gdsc_response,2173,PFI-1,,unreviewed,
gdsc_response,2174,IOX2,,unreviewed,
gdsc_response,2175,CHIR-99021,,unreviewed,
gdsc_response,2177,SGC0946,,unreviewed,
gdsc_response,2359,GSK2830371,,unreviewed,
gdsc_response,2360,THR-101,,unreviewed,
gdsc_response,2361,THR-102,,unreviewed,
gdsc_response,2362,THR-103,,unreviewed,
gdsc_response,2438,ascorbate (vitamin C),,unreviewed,
gdsc_response,2439,glutathione,,unreviewed,
gdsc_response,2498,alpha-lipoic acid,,unreviewed,
gdsc_response,2499,N-acetyl cysteine,,unreviewed,
drug_structures,1003,Camptothecin,CCC1(C2=C(COC1=O)C(=O)N3CC4=CC5=CC=CC=C5N=C4C3=C2)O,reference,
drug_structures,1004,Vinblastine,CCC1(CC2CC(C3=C(CCN(C2)C1)C4=CC=CC=C4N3)(C5=C(C=C6C(=C5)C78CCN9C7C(C=CC9)(C(C(C8N6C)(C(=O)OC)O)OC(=O)C)CC)OC)C(=O)OC)O,reference,
drug_structures,1005,Cisplatin,N.N.Cl[Pt]Cl,reference,
drug_structures,1006,Cytarabine,C1=CN(C(=O)N=C1N)C2C(C(C(O2)CO)O)O,reference,
drug_structures,1007,Docetaxel,CC1=C2C(C(=O)C3(C(CC4C(C3C(C(C2(C)C)(CC1OC(=O)C(C(C5=CC=CC=C5)NC(=O)OC(C)(C)C)O)O)OC(=O)C6=CC=CC=C6)(CO4)OC(=O)C)O)C)O,reference,
drug_structures,1008,Methotrexate,CN(CC1=CN=C2C(=N1)C(=NC(=N2)N)N)C3=CC=C(C=C3)C(=O)NC(CCC(=O)O)C(=O)O,reference,
drug_structures,1009,Tretinoin,CC1=C(C(CCC1)(C)C)C=CC(=CC=CC(=CC(=O)O)C)C,reference,
drug_structures,1010,Gefitinib,COC1=C(C=C2C(=C1)N=CN=C2NC3=CC(=C(C=C3)F)Cl)OCCCN4CCOCC4,reference,
drug_structures,1011,Navitoclax,CC1(CCC(=C(C1)CN2CCN(CC2)C3=CC=C(C=C3)C(=O)NS(=O)(=O)C4=CC(=C(C=C4)NC(CCN5CCOCC5)CSC6=CC=CC=C6)S(=O)(=O)C(F)(F)F)C7=CC=C(C=C7)Cl)C,reference,
drug_structures,1012,Vorinostat,C1=CC=C(C=C1)NC(=O)CCCCCCC(=O)NO,reference,
drug_structures,1013,Nilotinib,CC1=C(C=C(C=C1)C(=O)NC2=CC(=CC(=C2)C(F)(F)F)N3C=C(N=C3)C)NC4=NC=CC(=N4)C5=CN=CC=C5,reference,
drug_structures,1014,Refametinib,COC1=CC(=C(C(=C1NS(=O)(=O)C2(CC2)CC(CO)O)NC3=C(C=C(C=C3)I)F)F)F,reference,
drug_structures,1016,Temsirolimus,CC1CCC2CC(C(=CC=CC=CC(CC(C(=O)C(C(C(=CC(C(=O)CC(OC(=O)C3CCCCN3C(=O)C(=O)C1(O2)O)C(C)CC4CCC(C(C4)OC)OC(=O)C(C)(CO)CO)C)C)O)OC)C)C)C)OC,reference,
drug_structures,1017,Olaparib,C1CC1C(=O)N2CCN(CC2)C(=O)C3=C(C=CC(=C3)CC4=NNC(=O)C5=CC=CC=C54)F,reference,
drug_structures,1018,Veliparib,CC1(CCCN1)C2=NC3=C(C=CC=C3N2)C(=O)N,reference,
drug_structures,1019,Bosutinib,CN1CCN(CC1)CCCOC2=C(C=C3C(=C2)N=CC(=C3NC4=CC(=C(C=C4Cl)Cl)OC)C#N)OC,reference,
drug_structures,1020,Lenalidomide,C1CC(=O)NC(=O)C1N2CC3=C(C2=O)C=CC=C3N,reference,
drug_structures,1021,Axitinib,CNC(=O)C1=CC=CC=C1SC2=CC3=C(C=C2)C(=NN3)C=CC4=CC=CC=N4,reference,
drug_structures,1022,AZD7762,C1CC(CNC1)NC(=O)C2=C(C=C(S2)C3=CC(=CC=C3)F)NC(=O)N,reference,
drug_structures,1023,GW441756,CN1C=C(C2=CC=CC=C21)C=C3C4=C(C=CC=N4)NC3=O.Cl,reference,
drug_structures,1024,Lestaurtinib,CC12C(CC(O1)N3C4=CC=CC=C4C5=C6C(=C7C8=CC=CC=C8N2C7=C53)CNC6=O)(CO)O,reference,
drug_structures,1025,SB216763,CN1C=C(C2=CC=CC=C21)C3=C(C(=O)NC3=O)C4=C(C=C(C=C4)Cl)Cl,reference,
drug_structures,1026,Tanespimycin,CC1CC(C(C(C=C(C(C(C=CC=C(C(=O)NC2=CC(=O)C(=C(C1)C2=O)NCC=C)C)OC)OC(=O)N)C)C)O)OC,reference,
drug_structures,1029,Motesanib,CC1(CNC2=C1C=CC(=C2)NC(=O)C3=C(N=CC=C3)NCC4=CC=NC=C4)C,reference,
drug_structures,1030,KU-55933,C1COCCN1C2=CC(=O)C=C(O2)C3=C4C(=CC=C3)SC5=CC=CC=C5S4,reference,
drug_structures,1031,Elesclomol,CN(C(=S)C1=CC=CC=C1)NC(=O)CC(=O)NN(C)C(=S)C2=CC=CC=C2,reference,
drug_structures,1032,Afatinib,CN(C)CC=CC(=O)NC1=C(C=C2C(=C1)C(=NC=N2)NC3=CC(=C(C=C3)F)Cl)OC4CCOC4,reference,
drug_structures,1033,Vismodegib,CS(=O)(=O)C1=CC(=C(C=C1)C(=O)NC2=CC(=C(C=C2)Cl)C3=CC=CC=N3)Cl,reference,
drug_structures,1034,Staurosporine,CC12C(C(CC(O1)N3C4=CC=CC=C4C5=C6C(=C7C8=CC=CC=C8N2C7=C53)CNC6=O)NC)OC,reference,
drug_structures,1036,PLX-4720,CCCS(=O)(=O)NC1=C(C(=C(C=C1)F)C(=O)C2=CNC3=C2C=C(C=N3)Cl)F,reference,
drug_structures,1037,BX795,C1CCN(C1)C(=O)NC2=CC=CC(=C2)NC3=NC=C(C(=N3)NCCCNC(=O)C4=CC=CS4)I,reference,
drug_structures,1038,NU7441,C1COCCN1C2=CC(=O)C3=C(O2)C(=CC=C3)C4=CC=CC5=C4SC6=CC=CC=C56,reference,
drug_structures,1039,SL0101,CC1C(C(C(C(O1)OC2=C(OC3=CC(=CC(=C3C2=O)O)O)C4=CC=C(C=C4)O)O)OC(=O)C)OC(=O)C,reference,
drug_structures,1042,Doramapimod,CC1=CC=C(C=C1)N2C(=CC(=N2)C(C)(C)C)NC(=O)NC3=CC=C(C4=CC=CC=C43)OCCN5CCOCC5,reference,
drug_structures,1043,JNK Inhibitor VIII,CCOC1=C(C(=CC(=N1)NC(=O)CC2=C(C=CC(=C2)OC)OC)N)C#N,reference,
drug_structures,1046,Wee1 Inhibitor,C1=CC=C(C(=C1)C2=CC3=C(C4=C(N3)C=CC(=C4)O)C5=C2C(=O)NC5=O)Cl,reference,
drug_structures,1047,Nutlin-3a (-),nan,reference,
drug_structures,1048,Mirin,C1=CC(=CC=C1C=C2C(=O)N=C(S2)N)O,reference,
drug_structures,1049,PD173074,CCN(CC)CCCCNC1=NC2=NC(=C(C=C2C=N1)C3=CC(=CC(=C3)OC)OC)NC(=O)NC(C)(C)C,reference,
drug_structures,1050,ZM447439,COC1=C(C=C2C(=C1)C(=NC=N2)NC3=CC=C(C=C3)NC(=O)C4=CC=CC=C4)OCCCN5CCOCC5,reference,
drug_structures,1051,Alisertib,COC1=C(C(=CC=C1)F)C2=NCC3=CN=C(N=C3C4=C2C=C(C=C4)Cl)NC5=CC(=C(C=C5)C(=O)O)OC,reference,
drug_structures,1052,RO-3306,C1=CC2=C(C=CC(=C2)C=C3C(=O)NC(=NCC4=CC=CS4)S3)N=C1,reference,
drug_structures,1053,MK-2206,C1CC(C1)(C2=CC=C(C=C2)C3=C(C=C4C(=N3)C=CN5C4=NNC5=O)C6=CC=CC=C6)N,reference,
drug_structures,1054,Palbociclib,CC1=C(C(=O)N(C2=NC(=NC=C12)NC3=NC=C(C=C3)N4CCNCC4)C5CCCC5)C(=O)C,reference,
drug_structures,1057,Dactolisib,CC(C)(C#N)C1=CC=C(C=C1)N2C3=C4C=C(C=CC4=NC=C3N(C2=O)C)C5=CC6=CC=CC=C6N=C5,reference,
drug_structures,1058,Pictilisib,CS(=O)(=O)N1CCN(CC1)CC2=CC3=C(S2)C(=NC(=N3)C4=C5C=NNC5=CC=C4)N6CCOCC6,reference,
drug_structures,1059,AZD8055,CC1COCCN1C2=NC(=NC3=C2C=CC(=N3)C4=CC(=C(C=C4)OC)CO)N5CCOCC5C,reference,
drug_structures,1060,PD0325901,C1=CC(=C(C=C1I)F)NC2=C(C=CC(=C2F)F)C(=O)NOCC(CO)O,reference,
drug_structures,1061,SB590885,CN(C)CCOC1=CC=C(C=C1)C2=NC(=C(N2)C3=CC=NC=C3)C4=CC5=C(C=C4)C(=NO)CC5,reference,
drug_structures,1062,Selumetinib,CN1C=NC2=C1C=C(C(=C2F)NC3=C(C=C(C=C3)Br)Cl)C(=O)NOCCO,reference,
drug_structures,1067,CCT007093,C1CC(=CC2=CC=CS2)C(=O)C1=CC3=CC=CS3,reference,
drug_structures,1068,Obatoclax Mesylate,CC1=CC(=C(N1)C=C2C(=CC(=C3C=C4C=CC=CC4=N3)N2)OC)C.CS(=O)(=O)O,reference,
drug_structures,1069,EHT-1864,C1COCCN1CC2=CC(=O)C(=CO2)OCCCCCSC3=C4C=CC(=CC4=NC=C3)C(F)(F)F.Cl.Cl,reference,
drug_structures,1072,Avagacestat,C1=CC(=CC=C1S(=O)(=O)N(CC2=C(C=C(C=C2)C3=NOC=N3)F)C(CCC(F)(F)F)C(=O)N)Cl,reference,
drug_structures,1073,5-Fluorouracil,C1=C(C(=O)NC(=O)N1)F,reference,
drug_structures,1079,Dasatinib,CC1=C(C(=CC=C1)Cl)NC(=O)C2=CN=C(S2)NC3=CC(=NC(=N3)C)N4CCN(CC4)CCO,reference,
drug_structures,1080,Paclitaxel,CC1=C2C(C(=O)C3(C(CC4C(C3C(C(C2(C)C)(CC1OC(=O)C(C(C5=CC=CC=C5)NC(=O)C6=CC=CC=C6)O)O)OC(=O)C7=CC=CC=C7)(CO4)OC(=O)C)O)C)OC(=O)C,reference,
drug_structures,1083,Crizotinib,CC(C1=C(C=CC(=C1Cl)F)Cl)OC2=C(N=CC(=C2)C3=CN(N=C3)C4CCNCC4)N,reference,
drug_structures,1084,Rapamycin,CC1CCC2CC(C(=CC=CC=CC(CC(C(=O)C(C(C(=CC(C(=O)CC(OC(=O)C3CCCCN3C(=O)C(=O)C1(O2)O)C(C)CC4CCC(C(C4)OC)O)C)C)O)OC)C)C)C)OC,reference,
drug_structures,1085,Sorafenib,CNC(=O)C1=NC=CC(=C1)OC2=CC=C(C=C2)NC(=O)NC3=CC(=C(C=C3)Cl)C(F)(F)F,reference,
drug_structures,1086,BI-2536,CCC1C(=O)N(C2=CN=C(N=C2N1C3CCCC3)NC4=C(C=C(C=C4)C(=O)NC5CCN(CC5)C)OC)C,reference,
drug_structures,1088,Irinotecan,CCC1=C2CN3C(=CC4=C(C3=O)COC(=O)C4(CC)O)C2=NC5=C1C=C(C=C5)OC(=O)N6CCC(CC6)N7CCCCC7,reference,
drug_structures,1089,Oxaliplatin,C1CCC(C(C1)[NH-])[NH-].C(=O)(C(=O)O)O.[Pt+2],reference,
drug_structures,1091,BMS-536924,CC1=CC(=CC2=C1N=C(N2)C3=C(C=CNC3=O)NCC(C4=CC(=CC=C4)Cl)O)N5CCOCC5,reference,
drug_structures,1093,GSK1904529A,CCC1=CC(=C(C=C1N2CCC(CC2)N3CCN(CC3)S(=O)(=O)C)OC)NC4=NC=CC(=N4)C5=C(N=C6N5C=CC=C6)C7=CC(=C(C=C7)OC)C(=O)NC8=C(C=CC=C8F)F,reference,
drug_structures,1096,Tozasertib,CC1=CC(=NN1)NC2=CC(=NC(=N2)SC3=CC=C(C=C3)NC(=O)C4CC4)N5CCN(CC5)C,reference,
drug_structures,1129,PF-4708671,CCC1=CN=CN=C1N2CCN(CC2)CC3=NC4=C(N3)C=C(C=C4)C(F)(F)F,reference,
drug_structures,1131,PRIMA-1MET,COCC1(C(=O)C2CCN1CC2)CO,reference,
drug_structures,1133,Serdemetan,C1=CC=C2C(=C1)C(=CN2)CCNC3=CC=C(C=C3)NC4=CC=NC=C4,reference,
drug_structures,1149,TW 37,CC(C)C1=CC=CC=C1CC2=CC(=C(C(=C2O)O)O)C(=O)NC3=CC=C(C=C3)S(=O)(=O)C4=CC=CC=C4C(C)(C)C,reference,
drug_structures,1168,Erlotinib,COCCOC1=C(C=C2C(=C1)C(=NC=N2)NC3=CC=CC(=C3)C#C)OCCOC,reference,
drug_structures,1170,CCT-018159,CCC1=CC(=C(C=C1O)O)C2=NNC(=C2C3=CC4=C(C=C3)OCCO4)C,reference,
drug_structures,1175,Rucaparib,CNCC1=CC=C(C=C1)C2=C3CCNC(=O)C4=C3C(=CC(=C4)F)N2,reference,
drug_structures,1177,Niraparib,C1CC(CNC1)C2=CC=C(C=C2)N3C=C4C=CC=C(C4=N3)C(=O)N,reference,
drug_structures,1179,MK-1775,CC(C)(C1=NC(=CC=C1)N2C3=NC(=NC=C3C(=O)N2CC=C)NC4=CC=C(C=C4)N5CCN(CC5)C)O,reference,
drug_structures,1180,Dinaciclib,CCC1=C2N=C(C=C(N2N=C1)NCC3=C[N+](=CC=C3)[O-])N4CCCCC4CCO,reference,
drug_structures,1190,Gemcitabine,C1=CN(C(=O)N=C1N)C2C(C(C(O2)CO)O)(F)F,reference,
drug_structures,1191,Bortezomib,B(C(CC(C)C)NC(=O)C(CC1=CC=CC=C1)NC(=O)C2=NC=CN=C2)(O)O,reference,
drug_structures,1192,GSK269962A,CCN1C2=CC(=NC=C2N=C1C3=NON=C3N)OC4=CC=CC(=C4)NC(=O)C5=CC=C(C=C5)OCCN6CCOCC6,reference,
drug_structures,1194,SB505124,CC1=NC(=CC=C1)C2=C(N=C(N2)C(C)(C)C)C3=CC4=C(C=C3)OCO4,reference,
drug_structures,1199,Tamoxifen,CCC(=C(C1=CC=CC=C1)C2=CC=C(C=C2)OCCN(C)C)C3=CC=CC=C3,reference,
drug_structures,1200,Fulvestrant,CC12CCC3C(C1CCC2O)C(CC4=C3C=CC(=C4)O)CCCCCCCCCS(=O)CCCC(C(F)(F)F)(F)F,reference,
drug_structures,1237,EPZ004777,CC(C)N(CCCNC(=O)NC1=CC=C(C=C1)C(C)(C)C)CC2C(C(C(O2)N3C=CC4=C(N=CN=C43)N)O)O,reference,
drug_structures,1239,YK-4-279,COC1=CC=C(C=C1)C(=O)CC2(C3=C(C=CC(=C3NC2=O)Cl)Cl)O,reference,
drug_structures,1243,Piperlongumine,COC1=CC(=CC(=C1OC)OC)C=CC(=O)N2CCC=CC2=O,reference,
drug_structures,1248,Daporinad,C1CN(CCC1CCCCNC(=O)C=CC2=CN=CC=C2)C(=O)C3=CC=CC=C3,reference,
drug_structures,1249,BMS-345541,CC1=CC2=C(C=C1)N=C(C3=NC=C(N23)C)NCCN.Cl,reference,
drug_structures,1250,AZ960,CC1=CC(=NN1)NC2=C(C=C(C(=N2)NC(C)C3=CC=C(C=C3)F)C#N)F,reference,
drug_structures,1259,Talazoparib,CN1C(=NC=N1)C2C(NC3=CC(=CC4=C3C2=NNC4=O)F)C5=CC=C(C=C5)F,reference,
drug_structures,1268,XAV939,C1CSCC2=C1N=C(NC2=O)C3=CC=C(C=C3)C(F)(F)F,reference,
drug_structures,1372,Trametinib,CC1=C2C(=C(N(C1=O)C)NC3=C(C=C(C=C3)I)F)C(=O)N(C(=O)N2C4=CC=CC(=C4)NC(=O)C)C5CC5,reference,
drug_structures,1373,Dabrafenib,CC(C)(C)C1=NC(=C(S1)C2=NC(=NC=C2)N)C3=C(C(=CC=C3)NS(=O)(=O)C4=C(C=CC=C4F)F)F,reference,
drug_structures,1375,Temozolomide,CN1C(=O)N2C=NC(=C2N=N1)C(=O)N,reference,
drug_structures,1378,Bleomycin (50 uM),nan,reference,
drug_structures,1401,AZD5438,CC1=NC=C(N1C(C)C)C2=NC(=NC=C2)NC3=CC=C(C=C3)S(=O)(=O)C,reference,
drug_structures,1428,IAP_5620,nan,reference,
drug_structures,1441,AZD2014,CC1COCCN1C2=NC(=NC3=C2C=CC(=N3)C4=CC(=CC=C4)C(=O)NC)N5CCOCC5C,reference,
drug_structures,1449,AZD1208,C1CC(CN(C1)C2=C(C=CC=C2C3=CC=CC=C3)C=C4C(=O)NC(=O)S4)N,reference,
drug_structures,1463,AZD1332,CC(C)OC1=NNC(=C1)NC2=NC(=NC=C2Cl)NC(C)C3=NC=C(C=C3)F,reference,
drug_structures,1494,SN-38,CCC1=C2CN3C(=CC4=C(C3=O)COC(=O)C4(CC)O)C2=NC5=C1C=C(C=C5)O,reference,
drug_structures,1502,Bicalutamide,CC(CS(=O)(=O)C1=CC=C(C=C1)F)(C(=O)NC2=CC(=C(C=C2)C#N)C(F)(F)F)O,reference,
drug_structures,1507,Ruxolitinib,C1CCC(C1)C(CC#N)N2C=C(C=N2)C3=C4C=CNC4=NC=N3,reference,
drug_structures,1510,Linsitinib,CC1(CC(C1)C2=NC(=C3N2C=CN=C3N)C4=CC5=C(C=C4)C=CC(=N5)C6=CC=CC=C6)O,reference,
drug_structures,1511,Epirubicin,CC1C(C(CC(O1)OC2CC(CC3=C2C(=C4C(=C3O)C(=O)C5=C(C4=O)C(=CC=C5)OC)O)(C(=O)CO)O)N)O,reference,
drug_structures,1512,Cyclophosphamide,C1CNP(=O)(OC1)N(CCCl)CCCl,reference,
drug_structures,1529,Pevonedistat,C1CC2=CC=CC=C2C1NC3=C4C=CN(C4=NC=N3)C5CC(C(C5)O)COS(=O)(=O)N,reference,
drug_structures,1549,Sapitinib,CNC(=O)CN1CCC(CC1)OC2=C(C=C3C(=C2)C(=NC=N3)NC4=C(C(=CC=C4)Cl)F)OC,reference,
drug_structures,1553,Uprosertib,CN1C(=C(C=N1)Cl)C2=C(OC(=C2)C(=O)NC(CC3=CC(=C(C=C3)F)F)CN)Cl,reference,
drug_structures,1557,LCL161,CC(C(=O)NC(C1CCCCC1)C(=O)N2CCCC2C3=NC(=CS3)C(=O)C4=CC=C(C=C4)F)NC,reference,
drug_structures,1558,Lapatinib,CS(=O)(=O)CCNCC1=CC=C(O1)C2=CC3=C(C=C2)N=CN=C3NC4=CC(=C(C=C4)OCC5=CC(=CC=C5)F)Cl,reference,
drug_structures,1559,Luminespib,CCNC(=O)C1=NOC(=C1C2=CC=C(C=C2)CN3CCOCC3)C4=CC(=C(C=C4O)O)C(C)C,reference,
drug_structures,1560,Alpelisib,CC1=C(SC(=N1)NC(=O)N2CCCC2C(=O)N)C3=CC(=NC=C3)C(C)(C)C(F)(F)F,reference,
drug_structures,1561,Taselisib,CC1=NN(C(=N1)C2=CN3CCOC4=C(C3=N2)C=CC(=C4)C5=CN(N=C5)C(C)(C)C(=O)N)C(C)C,reference,
drug_structures,1563,EPZ5676,CC(C)N(CC1C(C(C(O1)N2C=NC3=C(N=CN=C32)N)O)O)C4CC(C4)CCC5=NC6=C(N5)C=C(C=C6)C(C)(C)C,reference,
drug_structures,1564,SCH772984,C1CN(CC1C(=O)NC2=CC3=C(C=C2)NN=C3C4=CC=NC=C4)CC(=O)N5CCN(CC5)C6=CC=C(C=C6)C7=NC=CC=N7,reference,
drug_structures,1576,IWP-2,CC1=CC2=C(C=C1)N=C(S2)NC(=O)CSC3=NC4=C(C(=O)N3C5=CC=CC=C5)SCC4,reference,
drug_structures,1578,Leflunomide,CC1=C(C=NO1)C(=O)NC2=CC=C(C=C2)C(F)(F)F,reference,
drug_structures,1580,GSK2801,CCCOC1=CC2=C(C=C(N2C=C1)C(=O)C)C3=CC=CC=C3S(=O)(=O)C,reference,
drug_structures,1581,Bromosporine,CCOC(=O)NC1=CC(=NN2C1=NN=C2C)C3=CC(=C(C=C3)C)NS(=O)(=O)C,reference,
drug_structures,1582,SGC-CBP30,CC1=C(C(=NO1)C)C2=CC3=C(C=C2)N(C(=N3)CCC4=CC(=C(C=C4)OC)Cl)CC(C)N5CCOCC5,reference,
drug_structures,1583,GSK-LSD1,C1CNCCC1NC2CC2C3=CC=CC=C3,reference,
drug_structures,1584,BDOCA000347a,nan,reference,
drug_structures,1585,BDF00022089a,nan,reference,
drug_structures,1586,BDILV000379a,nan,reference,
drug_structures,1593,Entinostat,C1=CC=C(C(=C1)N)NC(=O)C2=CC=C(C=C2)CNC(=O)OCC3=CN=CC=C3,reference,
drug_structures,1594,OSI-027,COC1=CC=CC2=C1NC(=C2)C3=C4C(=NC=NN4C(=N3)C5CCC(CC5)C(=O)O)N,reference,
drug_structures,1598,LGK974,CC1=CC(=CN=C1C2=CC(=NC=C2)C)CC(=O)NC3=NC=C(C=C3)C4=NC=CN=C4,reference,
drug_structures,1613,VE-822,CC(C)S(=O)(=O)C1=CC=C(C=C1)C2=CN=C(C(=N2)C3=CC(=NO3)C4=CC=C(C=C4)CNC)N,reference,
drug_structures,1614,WZ4003,CCC(=O)NC1=CC(=CC=C1)OC2=NC(=NC=C2Cl)NC3=C(C=C(C=C3)N4CCN(CC4)C)OC,reference,
drug_structures,1615,CZC24832,CC(C)(C)NS(=O)(=O)C1=CN=CC(=C1)C2=CN3C(=NC(=N3)N)C(=C2)F,reference,
drug_structures,1617,AZD5582,CC(C(=O)NC(C1CCCCC1)C(=O)N2CCCC2C(=O)NC3C(CC4=CC=CC=C34)OCC#CC#CCOC5CC6=CC=CC=C6C5NC(=O)C7CCCN7C(=O)C(C8CCCCC8)NC(=O)C(C)NC)NC,reference,
drug_structures,1618,GSK2606414,CN1C=C(C2=C(N=CN=C21)N)C3=CC4=C(C=C3)N(CC4)C(=O)CC5=CC(=CC=C5)C(F)(F)F,reference,
drug_structures,1620,PFI3,C1C2CN(C1CN2C3=CC=CC=N3)C=CC(=O)C4=CC=CC=C4O,reference,
drug_structures,1621,PCI-34051,COC1=CC=C(C=C1)CN2C=CC3=C2C=C(C=C3)C(=O)NO,reference,
drug_structures,1622,Wnt-C59,CC1=NC=CC(=C1)C2=CC=C(C=C2)CC(=O)NC3=CC=C(C=C3)C4=CN=CC=C4,reference,
drug_structures,1624,I-BET-762,CCNC(=O)CC1C2=NN=C(N2C3=C(C=C(C=C3)OC)C(=N1)C4=CC=C(C=C4)Cl)C,reference,
drug_structures,1625,RVX-208,CC1=CC(=CC(=C1OCCO)C)C2=NC3=C(C(=CC(=C3)OC)OC)C(=O)N2,reference,
drug_structures,1626,OTX015,CC1=C(SC2=C1C(=NC(C3=NN=C(N32)C)CC(=O)NC4=CC=C(C=C4)O)C5=CC=C(C=C5)Cl)C,reference,
drug_structures,1627,GSK343,CCCC1=C(C(=O)NC(=C1)C)CNC(=O)C2=C3C=NN(C3=CC(=C2)C4=CC(=NC=C4)N5CCN(CC5)C)C(C)C,reference,
drug_structures,1629,ML323,CC1=CN=C(N=C1NCC2=CC=C(C=C2)N3C=CN=N3)C4=CC=CC=C4C(C)C,reference,
drug_structures,1630,Entospletinib,C1COCCN1C2=CC=C(C=C2)NC3=NC(=CN4C3=NC=C4)C5=CC6=C(C=C5)C=NN6,reference,
drug_structures,1631,PRT062607,C1CCC(C(C1)N)NC2=NC=C(C(=N2)NC3=CC(=CC=C3)N4N=CC=N4)C(=O)N,reference,
drug_structures,1632,Ribociclib,CN(C)C(=O)C1=CC2=CN=C(N=C2N1C3CCCC3)NC4=NC=C(C=C4)N5CCNCC5,reference,
drug_structures,1634,AGI-6780,C1CC1NS(=O)(=O)C2=CC(=C(C=C2)C3=CSC=C3)NC(=O)NC4=CC=CC(=C4)C(F)(F)F,reference,
drug_structures,1635,Picolinici-acid,nan,reference,
drug_structures,1706,AZD5153,CC1C(=O)N(CCN1CCOC2=CC=C(C=C2)C3CCN(CC3)C4=NN5C(=NN=C5OC)C=C4)C,reference,
drug_structures,1708,CDK9_5576,nan,reference,
drug_structures,1709,CDK9_5038,nan,reference,
drug_structures,1712,Eg5_9814,nan,reference,
drug_structures,1713,ERK_2440,nan,reference,
drug_structures,1714,ERK_6604,nan,reference,
drug_structures,1716,IRAK4_4710,nan,reference,
drug_structures,1718,JAK1_8709,nan,reference,
drug_structures,1720,AZD5991,CC1=C2C(=NN1C)CSCC3=NN(C(=C3)CSC4=CC5=CC=CC=C5C(=C4)OCCCC6=C(N(C7=C6C=CC(=C27)Cl)C)C(=O)O)C,reference,
drug_structures,1730,PAK_5339,nan,reference,
drug_structures,1732,TAF1_5496,nan,reference,
drug_structures,1733,ULK1_4989,nan,reference,
drug_structures,1734,VSP34_8731,nan,reference,
drug_structures,1736,Selumetinib,CN1C=NC2=C1C=C(C(=C2F)NC3=C(C=C(C=C3)Br)Cl)C(=O)NOCCO,reference,
drug_structures,1738,IGF1R_3801,nan,reference,
drug_structures,1739,JAK_8517,nan,reference,
drug_structures,1776,GSK2256098C,nan,reference,
drug_structures,1777,GSK2276186C,nan,reference,
drug_structures,1778,GSK2110183B,CN1C(=C(C=N1)Cl)C2=C(SC(=C2)C(=O)NC(CC3=CC(=CC=C3)F)CN)Cl.Cl,reference,
drug_structures,1779,GSK626616AC,nan,reference,
drug_structures,1780,GSK3337463A,nan,reference,
drug_structures,1782,GSK2830371A,nan,reference,
drug_structures,1783,LMB_AB1,nan,reference,
drug_structures,1784,LMB_AB2,nan,reference,
drug_structures,1785,LMB_AB3,nan,reference,
drug_structures,1786,AZD4547,CC1CN(CC(N1)C)C2=CC=C(C=C2)C(=O)NC3=NNC(=C3)CCC4=CC(=CC(=C4)OC)OC,reference,
drug_structures,1799,Ibrutinib,C=CC(=O)N1CCCC(C1)N2C3=NC=NC(=C3C(=N2)C4=CC=C(C=C4)OC5=CC=CC=C5)N,reference,
drug_structures,1802,Zoledronate,C1=CN(C=N1)CC(O)(P(=O)(O)O)P(=O)(O)O,reference,
drug_structures,1803,Acetalax,CC(=O)OC1=CC=C(C=C1)C2(C3=CC=CC=C3NC2=O)C4=CC=C(C=C4)OC(=O)C,reference,
drug_structures,1804,Acetalax,CC(=O)OC1=CC=C(C=C1)C2(C3=CC=CC=C3NC2=O)C4=CC=C(C=C4)OC(=O)C,reference,
drug_structures,1806,Oxaliplatin,C1CCC(C(C1)[NH-])[NH-].C(=O)(C(=O)O)O.[Pt+2],reference,
drug_structures,1808,Topotecan,CCC1(C2=C(COC1=O)C(=O)N3CC4=CC5=C(C=CC(=C5CN(C)C)O)N=C4C3=C2)O,reference,
drug_structures,1809,Teniposide,COC1=CC(=CC(=C1O)OC)C2C3C(COC3=O)C(C4=CC5=C(C=C24)OCO5)OC6C(C(C7C(O6)COC(O7)C8=CC=CS8)O)O,reference,
drug_structures,1810,Mitoxantrone,C1=CC(=C2C(=C1NCCNCCO)C(=O)C3=C(C=CC(=C3C2=O)O)O)NCCNCCO,reference,
drug_structures,1811,Dactinomycin,CC1C(C(=O)NC(C(=O)N2CCCC2C(=O)N(CC(=O)N(C(C(=O)O1)C(C)C)C)C)C(C)C)NC(=O)C3=C4C(=C(C=C3)C)OC5=C(C(=O)C(=C(C5=N4)C(=O)NC6C(OC(=O)C(N(C(=O)CN(C(=O)C7CCCN7C(=O)C(NC6=O)C(C)C)C)C)C(C)C)C)N)C,reference,
drug_structures,1812,Bleomycin,CC1=C(N=C(N=C1N)C(CC(=O)N)NCC(C(=O)N)N)C(=O)NC(C(C2=CN=CN2)OC3C(C(C(C(O3)CO)O)O)OC4C(C(C(C(O4)CO)O)OC(=O)N)O)C(=O)NC(C)C(C(C)C(=O)NC(C(C)O)C(=O)NCCC5=NC(=CS5)C6=NC(=CS6)C(=O)NCCC[S+](C)C)O,reference,
drug_structures,1813,Fludarabine,C1=NC2=C(N=C(N=C2N1C3C(C(C(O3)CO)O)O)F)N,reference,
drug_structures,1814,Nelarabine,COC1=NC(=NC2=C1N=CN2C3C(C(C(O3)CO)O)O)N,reference,
drug_structures,1815,Dacarbazine,CN(C)N=NC1=C(NC=N1)C(=O)N,reference,
drug_structures,1816,Fulvestrant,CC12CCC3C(C1CCC2O)C(CC4=C3C=CC(=C4)O)CCCCCCCCCS(=O)CCCC(C(F)(F)F)(F)F,reference,
drug_structures,1817,Romidepsin,CC=C1C(=O)NC(C(=O)OC2CC(=O)NC(C(=O)NC(CSSCCC=C2)C(=O)N1)C(C)C)C(C)C,reference,
drug_structures,1819,Docetaxel,CC1=C2C(C(=O)C3(C(CC4C(C3C(C(C2(C)C)(CC1OC(=O)C(C(C5=CC=CC=C5)NC(=O)OC(C)(C)C)O)O)OC(=O)C6=CC=CC=C6)(CO4)OC(=O)C)O)C)O,reference,
drug_structures,1820,123829,nan,reference,
drug_structures,1821,765771,nan,reference,
drug_structures,1824,123138,nan,reference,
drug_structures,1825,Podophyllotoxin bromide,COC1=CC(=CC(=C1OC)OC)C2C3C(COC3=O)C(C4=CC5=C(C=C24)OCO5)Br,reference,
drug_structures,1826,50869,nan,reference,
drug_structures,1827,Dihydrorotenone,CC(C)C1CC2=C(O1)C=CC3=C2OC4COC5=CC(=C(C=C5C4C3=O)OC)OC,reference,
drug_structures,1828,720427,nan,reference,
drug_structures,1829,667880,nan,reference,
drug_structures,1830,Gallibiscoquinazole,COC1=C(C(=C2C(=C1)C(=O)NC(N2)(NC(=O)OC)NC(=O)OC)OC)OC,reference,
drug_structures,1831,L-Oxonoreleagnine,C1CNC(=O)C2=C1C3=CC=CC=C3N2,reference,
drug_structures,1832,729189,nan,reference,
drug_structures,1833,741909,nan,reference,
drug_structures,1834,743380,nan,reference,
drug_structures,1835,Elephantin,CC(=CC(=O)OC1CC2=CC(CC3(C(O3)C4C1C(=C)C(=O)O4)C)OC2=O)C,reference,
drug_structures,1836,150412,nan,reference,
drug_structures,1838,Sinularin,CC1=CCCC(C2CC(CCC3(C(O3)CC1)C)C(=C)C(=O)O2)(C)O,reference,
drug_structures,1839,615590,nan,reference,
drug_structures,1840,630600,nan,reference,
drug_structures,1843,LMP744,COC1=C(C=C2C(=C1)C3=C(C4=CC5=C(C=C4C3=O)OCO5)N(C2=O)CCCNCCO)OC,reference,
drug_structures,1844,776928,nan,reference,
drug_structures,1845,Schweinfurthin A,CC(=CCCC(=CCC1=C(C=C(C=C1O)C=CC2=CC3=C(C(=C2)O)OC4(CC(C(C(C4C3)(C)C)O)O)C)O)C)C,reference,
drug_structures,1847,BEN,C1=CC=C(C=C1)C(=N)N,reference,
drug_structures,1849,Sabutoclax,CC1=CC2=C(C(=C(C=C2C(=C1C3=C(C4=CC(=C(C(=C4C=C3C)C(=O)NCC(C)C5=CC=CC=C5)O)O)O)O)O)O)C(=O)NCC(C)C6=CC=CC=C6,reference,
drug_structures,1852,LY2109761,C1CC2=C(C(=NN2C1)C3=CC=CC=N3)C4=C5C=CC(=CC5=NC=C4)OCCN6CCOCC6,reference,
drug_structures,1853,OF-1,CC1=C(C=CC(=C1)Br)S(=O)(=O)NC2=CC3=C(C=C2OC)N(C(=O)N3C)C,reference,
drug_structures,1854,MN-64,CC(C)C1=CC=C(C=C1)C2=CC(=O)C3=CC=CC=C3O2,reference,
drug_structures,1855,KRAS (G12C) Inhibitor-12,nan,reference,
drug_structures,1862,MG-132,CC(C)CC(C=O)NC(=O)C(CC(C)C)NC(=O)C(CC(C)C)NC(=O)OCC1=CC=CC=C1,reference,
drug_structures,1866,BDP-00009066,nan,reference,
drug_structures,1873,Buparlisib,C1COCCN1C2=NC(=NC(=C2)C3=CN=C(C=C3C(F)(F)F)N)N4CCOCC4,reference,
drug_structures,1908,Ulixertinib,CC(C)NC1=NC=C(C(=C1)C2=CNC(=C2)C(=O)NC(CO)C3=CC(=CC=C3)Cl)Cl,reference,
drug_structures,1909,Venetoclax,CC1(CCC(=C(C1)C2=CC=C(C=C2)Cl)CN3CCN(CC3)C4=CC(=C(C=C4)C(=O)NS(=O)(=O)C5=CC(=C(C=C5)NCC6CCOCC6)[N+](=O)[O-])OC7=CN=C8C(=C7)C=CN8)C,reference,
drug_structures,1910,ABT737,CN(C)CCC(CSC1=CC=CC=C1)NC2=C(C=C(C=C2)S(=O)(=O)NC(=O)C3=CC=C(C=C3)N4CCN(CC4)CC5=CC=CC=C5C6=CC=C(C=C6)Cl)[N+](=O)[O-],reference,
drug_structures,1911,Dactinomycin,CC1C(C(=O)NC(C(=O)N2CCCC2C(=O)N(CC(=O)N(C(C(=O)O1)C(C)C)C)C)C(C)C)NC(=O)C3=C4C(=C(C=C3)C)OC5=C(C(=O)C(=C(C5=N4)C(=O)NC6C(OC(=O)C(N(C(=O)CN(C(=O)C7CCCN7C(=O)C(NC6=O)C(C)C)C)C)C(C)C)C)N)C,reference,
drug_structures,1912,Afuresertib,CN1C(=C(C=N1)Cl)C2=C(SC(=C2)C(=O)NC(CC3=CC(=CC=C3)F)CN)Cl,reference,
drug_structures,1913,AGI-5198,CC1=CC=CC=C1C(C(=O)NC2CCCCC2)N(C3=CC(=CC=C3)F)C(=O)CN4C=CN=C4C,reference,
drug_structures,1915,AZD3759,CC1CN(CCN1C(=O)OC2=C(C=C3C(=C2)C(=NC=N3)NC4=C(C(=CC=C4)Cl)F)OC)C,reference,
drug_structures,1916,AZD5363,C1CN(CCC1(C(=O)NC(CCO)C2=CC=C(C=C2)Cl)N)C3=NC=NC4=C3C=CN4,reference,
drug_structures,1917,AZD6738,CC1COCCN1C2=NC(=NC(=C2)C3(CC3)S(=N)(=O)C)C4=CN=CC5=C4C=CN5,reference,
drug_structures,1918,AZD8186,CC(C1=CC(=CC2=C1OC(=CC2=O)N3CCOCC3)C(=O)N(C)C)NC4=CC(=CC(=C4)F)F,reference,
drug_structures,1919,Osimertinib,CN1C=C(C2=CC=CC=C21)C3=NC(=NC=C3)NC4=C(C=C(C(=C4)NC(=O)C=C)N(C)CCN(C)C)OC,reference,
drug_structures,1922,Cediranib,CC1=CC2=C(N1)C=CC(=C2F)OC3=NC=NC4=CC(=C(C=C43)OC)OCCCN5CCCC5,reference,
drug_structures,1924,Ipatasertib,CC1CC(C2=C1C(=NC=N2)N3CCN(CC3)C(=O)C(CNC(C)C)C4=CC=C(C=C4)Cl)O,reference,
drug_structures,1925,GDC0810,CCC(=C(C1=CC=C(C=C1)C=CC(=O)O)C2=CC3=C(C=C2)NN=C3)C4=C(C=C(C=C4)F)Cl,reference,
drug_structures,1926,GNE-317,CC1=C(SC2=C1N=C(N=C2N3CCOCC3)C4=CN=C(N=C4)N)C5(COC5)OC,reference,
drug_structures,1927,GSK2578215A,C1=CC=C(C=C1)COC2=C(C=C(C=C2)C3=CC(=NC=C3)F)C(=O)NC4=CN=CC=C4,reference,
drug_structures,1928,I-BRD9,CCN1C=C(C2=C(C1=O)C=C(S2)C(=NC3CCS(=O)(=O)CC3)N)C4=CC(=CC=C4)C(F)(F)F,reference,
drug_structures,1930,Telomerase Inhibitor IX,C1=CC(=CC(=C1)NC(=O)C2=C(C(=CC=C2)O)O)NC(=O)C3=C(C(=CC=C3)O)O,reference,
drug_structures,1931,MIRA-1,CCC(=O)OCN1C(=O)C=CC1=O,reference,
drug_structures,1932,NVP-ADW742,C1CCN(C1)CC2CC(C2)N3C=C(C4=C(N=CN=C43)N)C5=CC(=CC=C5)OCC6=CC=CC=C6,reference,
drug_structures,1933,P22077,CC(=O)C1=CC(=C(S1)SC2=C(C=C(C=C2)F)F)[N+](=O)[O-],reference,
drug_structures,1936,Savolitinib,CC(C1=CN2C=CN=C2C=C1)N3C4=NC(=CN=C4N=N3)C5=CN(N=C5)C,reference,
drug_structures,1939,UMI-77,C1=CC=C2C(=C1)C(=CC(=C2O)SCC(=O)O)NS(=O)(=O)C3=CC=C(C=C3)Br,reference,
drug_structures,1940,WIKI4,COC1=CC=C(C=C1)N2C(=NN=C2SCCCN3C(=O)C4=CC=CC5=C4C(=CC=C5)C3=O)C6=CC=NC=C6,reference,
drug_structures,1941,Sepantronium bromide,CC1=[N+](C2=C(N1CCOC)C(=O)C3=CC=CC=C3C2=O)CC4=NC=CN=C4.[Br-],reference,
drug_structures,1996,MIM1,CC1=CSC(=NC2CCCCC2)N1N=CC3=C(C(=C(C=C3)O)O)O,reference,
drug_structures,1997,WEHI-539,C1CC2=C(C=C(C=C2)C3=NC(=C(S3)CCCOC4=CC=C(C=C4)CN)C(=O)O)C(=NNC5=NC6=CC=CC=C6S5)C1,reference,
drug_structures,1998,BPD-00008900,nan,reference,
drug_structures,1999,N25720-51-A1,nan,reference,
drug_structures,2000,N27922-53-1,nan,reference,
drug_structures,2002,N30652-18-1,nan,reference,
drug_structures,2003,N29087-69-1,nan,reference,
drug_structures,2010,HKMTI-1-005,CN1CCN(CC1)C2=NC3=CC(=C(C=C3C(=N2)NC4CCN(CC4)CC5=CC=CC=C5)OC)OC,reference,
drug_structures,2011,ICL-SIRT078,COC1=C(C2=CC=CC=C2C=C1)CN3C=NC4=C(C3=O)C5=C(S4)CC(CC5)NCC6=CN=CC=C6,reference,
drug_structures,2037,GSK343,CCCC1=C(C(=O)NC(=C1)C)CNC(=O)C2=C3C=NN(C3=CC(=C2)C4=CC(=NC=C4)N5CCN(CC5)C)C(C)C,reference,
drug_structures,2038,UNC0638,CC(C)N1CCC(CC1)NC2=NC(=NC3=CC(=C(C=C32)OC)OCCCN4CCCC4)C5CCCCC5,reference,
drug_structures,2039,AGK2,C1=CC2=C(C=CC=N2)C(=C1)NC(=O)C(=CC3=CC=C(O3)C4=C(C=CC(=C4)Cl)Cl)C#N,reference,
drug_structures,2040,Foretinib,COC1=CC2=C(C=CN=C2C=C1OCCCN3CCOCC3)OC4=C(C=C(C=C4)NC(=O)C5(CC5)C(=O)NC6=CC=C(C=C6)F)F,reference,
drug_structures,2043,BIBR-1532,CC(=CC(=O)NC1=CC=CC=C1C(=O)O)C2=CC3=CC=CC=C3C=C2,reference,
drug_structures,2044,Pyridostatin,C1=CC=C2C(=C1)C(=CC(=N2)NC(=O)C3=CC(=CC(=N3)C(=O)NC4=NC5=CC=CC=C5C(=C4)OCCN)OCCN)OCCN,reference,
drug_structures,2045,AMG-319,CC(C1=C(N=C2C=C(C=CC2=C1)F)C3=CC=CC=N3)NC4=NC=NC5=C4NC=N5,reference,
drug_structures,2046,MK-8776,CN1C=C(C=N1)C2=C3N=C(C(=C(N3N=C2)N)Br)C4CCCNC4,reference,
drug_structures,2047,Ulixertinib,CC(C)NC1=NC=C(C(=C1)C2=CNC(=C2)C(=O)NC(CO)C3=CC(=CC=C3)Cl)Cl,reference,
drug_structures,2048,Vinorelbine,CCC1=CC2CC(C3=C(CN(C2)C1)C4=CC=CC=C4N3)(C5=C(C=C6C(=C5)C78CCN9C7C(C=CC9)(C(C(C8N6C)(C(=O)OC)O)OC(=O)C)CC)OC)C(=O)OC,reference,
drug_structures,2055,Mycophenolic acid,CC1=C2COC(=O)C2=C(C(=C1OC)CC=C(C)CCC(=O)O)O,reference,
drug_structures,2057,Remodelin,C1CCC(=NNC2=NC(=CS2)C3=CC=C(C=C3)C#N)C1,reference,
drug_structures,2096,VX-11e,CC1=CN=C(N=C1C2=CNC(=C2)C(=O)NC(CO)C3=CC(=CC=C3)Cl)NC4=C(C=C(C=C4)F)Cl,reference,
drug_structures,2106,Uprosertib,CN1C(=C(C=N1)Cl)C2=C(OC(=C2)C(=O)NC(CC3=CC(=C(C=C3)F)F)CN)Cl,reference,
drug_structures,2107,LJI308,C1COCCN1C2=CC=C(C=C2)C3=C(C=NC=C3)C4=CC(=C(C(=C4)F)O)F,reference,
drug_structures,2109,AZ6102,CC1CN(CC(N1)C)C2=NC=C(C(=C2)C)C3=CC=C(C=C3)C4=NC5=C(C=CN5C)C(=O)N4,reference,
drug_structures,2110,GSK591,C1CC(C1)NC2=NC=CC(=C2)C(=O)NCC(CN3CCC4=CC=CC=C4C3)O,reference,
drug_structures,2111,VE821,CS(=O)(=O)C1=CC=C(C=C1)C2=CN=C(C(=N2)C(=O)NC3=CC=CC=C3)N,reference,
drug_structures,2112,VTP-A,nan,reference,
drug_structures,2113,VTP-B,nan,reference,
drug_structures,2145,PBD-288,nan,reference,
drug_structures,2148,POMHEX,CC(C)(C)C(=O)OCOP(=O)(C1CCCN(C1=O)O)OCOC(=O)C(C)(C)C,reference,
drug_structures,2149,CT7033-2,nan,reference,
drug_structures,2154,GSK-LSD1-2HCl ,nan,reference,
drug_structures,2156,5-azacytidine,C1=NC(=NC(=O)N1C2C(C(C(O2)CO)O)O)N,reference,
drug_structures,2157,A-366,COC1=C(C=C2C(=C1)C3(CCC3)C(=N2)N)OCCCN4CCCC4,reference,
drug_structures,2158,CPI-637,CC1CC(=O)NC2=CC=CC(=C2N1)C3=CC4=C(C=C3)N(N=C4C5=CN(N=C5)C)C,reference,
drug_structures,2159,UNC0379,COC1=C(C=C2C(=C1)C(=NC(=N2)N3CCCC3)NCCCCCN4CCCC4)OC,reference,
drug_structures,2169,AZD6482,CC1=CN2C(=O)C=C(N=C2C(=C1)C(C)NC3=CC=CC=C3C(=O)O)N4CCOCC4,reference,
drug_structures,2170,AT13148,C1=CC(=CC=C1C2=CNN=C2)C(CN)(C3=CC=C(C=C3)Cl)O,reference,
drug_structures,2171,BMS-754807,CC1(CCCN1C2=NN3C=CC=C3C(=N2)NC4=NNC(=C4)C5CC5)C(=O)NC6=CN=C(C=C6)F,reference,
drug_structures,2172,JQ1,CC1=C(SC2=C1C(=NC(C3=NN=C(N32)C)CC(=O)OC(C)(C)C)C4=CC=C(C=C4)Cl)C,reference,
drug_structures,2173,PFI-1,CN1CC2=C(C=CC(=C2)NS(=O)(=O)C3=CC=CC=C3OC)NC1=O,reference,
drug_structures,2174,IOX2,C1=CC=C(C=C1)CN2C3=CC=CC=C3C(=C(C2=O)C(=O)NCC(=O)O)O,reference,
drug_structures,2175,CHIR-99021,CC1=CN=C(N1)C2=CN=C(N=C2C3=C(C=C(C=C3)Cl)Cl)NCCNC4=NC=C(C=C4)C#N,reference,
drug_structures,2177,SGC0946,CC(C)N(CCCNC(=O)NC1=CC=C(C=C1)C(C)(C)C)CC2C(C(C(O2)N3C=C(C4=C(N=CN=C43)N)Br)O)O,reference,
drug_structures,2359,GSK2830371,CC1=C(C=C(C=N1)Cl)NCC2=CC=C(S2)C(=O)NC(CC3CCCC3)C(=O)NC4CC4,reference,
drug_structures,2360,THR-101,nan,reference,
drug_structures,2361,THR-102,nan,reference,
drug_structures,2362,THR-103,nan,reference,
drug_structures,2438,ascorbate (vitamin C),nan,reference,
drug_structures,2439,glutathione,C(CC(=O)NC(CS)C(=O)NCC(=O)O)C(C(=O)O)N,reference,
drug_structures,2498,alpha-lipoic acid,C1CSSC1CCCCC(=O)O,reference,
drug_structures,2499,N-acetyl cysteine,CC(=O)NC(CS)C(=O)O,reference,
